<?xml version="1.0" encoding="UTF-8" ?>
<!DOCTYPE mapper PUBLIC "-//mybatis.org//DTD Mapper 3.0//EN"
        "http://mybatis.org/dtd/mybatis-3-mapper.dtd">

<mapper namespace="com.travelink.auth.mapper.AuthMapper">

    <select id="login" parameterType="memberLoginRequest" resultType="String">
        select id
        from member
        where id = #{id} and pwd = #{password}
    </select>

    <insert id="register" parameterType="memberCreateRequest">
        insert into member (id, pwd, name, address, point, grade, roll)
        values (#{id}, #{password}, #{name} ,#{address} , 0, 0 , "USER")
    </insert>

    <update id="saveRefreshToken" parameterType="map">
        UPDATE member
        SET token = #{refreshToken}
        WHERE id = #{id}
    </update>

    <update id="removeRefreshToken" parameterType="String">
        UPDATE member
        SET token = null
        WHERE id = #{id}
    </update>

    <select id="getRefreshToken" parameterType="String" resultType="String">
       select token from member where id = #{id}
    </select>

    <select id="checkSignId" parameterType="String" resultType="Int">
        SELECT COUNT(*)
        FROM member
        WHERE id = #{memberId}
    </select>
</mapper>
